user,id
Aline,1
Aline,1
Aline,1
Aline,1
Aline,1
Aline,1
Aline,1
Aline,1
Aline,1
Aline,1
Aline,1
Aline,1
Aline,1
Aline,1
Aline,1
Aline,1
Aline,1
Aline,1
Aline,1
Aline,1
Aline,1
Aline,1
Bárbara,2
Bárbara,2
Bárbara,2
Bárbara,2
Bárbara,2
Bárbara,2
Bárbara,2
Bárbara,2
Bárbara,2
Bárbara,2
Bárbara,2
Bárbara,2
Bárbara,2
Bárbara,3
Bárbara,3
Bárbara,3
Bárbara,3
Bárbara,3
Bárbara,3
Bárbara,3
Bárbara,3
Bárbara,3
Bárbara,3
Bárbara,3
Bárbara,3
Bárbara,3
Bárbara,3
Bárbara,3
Bárbara,3
Ettore,4
Ettore,4
Ettore,4
Ettore,4
Ettore,4
Ettore,4
Ettore,4
Ettore,4
Ettore,4
Ettore,4
Ettore,4
Ettore,4
Ettore,4
Ettore,4
Ettore,4
Ettore,4
Ettore,4
Fernando,5
Fernando,5
Fernando,5
Fernando,5
Fernando,5
Fernando,5
Fernando,5
Fernando,5
Fernando,5
Fernando,5
Fernando,5
Fernando,5
Guilherme,6
Guilherme,6
Guilherme,6
Guilherme,6
Guilherme,6
Guilherme,6
Guilherme,6
Guilherme,6
Guilherme,6
Isabella,7
Isabella,7
Isabella,7
Isabella,7
Isabella,7
Isabella,7
Isabella,7
Isabella,7
Isabella,7
Isabella,7
Mariana,8
Mariana,8
Mariana,8
Mariana,8
Mariana,8
Mariana,8
Mariana,8
Mariana,8
Mariana,8
Mariana,8
Mariana,8
Mariana,8
Mariana,8
Mariana,8
Mariana,8
Mariana,8
Mariana,8
Mariana,8
Mariana,8
Mariana,8
Mariana,8
Mariana,8
Mariana,8
Mariana,8
Mariana,8
Mariana,8
Nicolas,9
Nicolas,9
Nicolas,9
Nicolas,9
Nicolas,9
Nicolas,9
Nicolas,9
Nicolas,9
Nicolas,9
Nicolas,9
Nicolas,9
Nicolas,9
Rodrigo,10
Rodrigo,10
Rodrigo,10
Rodrigo,10
Thaina,11
Thaina,11
Thaina,11
Thaina,11
Thaina,11
Thaina,11
Thaina,11
Thaina,11
Thaina,11
Thaina,11
Thiago,12
Thiago,12
Thiago,12
Thiago,12
Thiago,12
Thiago,12
Thiago,12
Thiago,12
Thiago,12
Thiago,12
Thiago,12
Thiago,12
Thiago,12
Victor,13
Victor,13
Victor,13
Victor,13
Victor,13
Victor,13
Victor,13
Victor,13
Victor,13
Victor,13